{
  "AWSTemplateFormatVersion": "2010-09-09",
  "Description": "{\"createdOn\":\"Linux\",\"createdBy\":\"Amplify\",\"createdWith\":\"14.0.0\",\"stackType\":\"function-Lambda\",\"metadata\":{\"whyContinueWithGen1\":\"Prefer not to answer\"}}",
  "Parameters": {
    "CloudWatchRule": {
      "Type": "String",
      "Default": "NONE",
      "Description": " Schedule Expression"
    },
    "deploymentBucketName": {
      "Type": "String"
    },
    "env": {
      "Type": "String"
    },
    "s3Key": {
      "Type": "String"
    },
    "authpawhome55e0437bUserPoolId": {
      "Type": "String",
      "Default": "authpawhome55e0437bUserPoolId"
    },
    "storagepetstableName": {
      "Type": "String",
      "Default": "storagepetstableName"
    },
    "storagepetstableArn": {
      "Type": "String",
      "Default": "storagepetstableArn"
    },
    "storagepetstableStreamArn": {
      "Type": "String",
      "Default": "storagepetstableStreamArn"
    }
  },
  "Conditions": {
    "ShouldNotCreateEnvResources": {
      "Fn::Equals": [
        {
          "Ref": "env"
        },
        "NONE"
      ]
    }
  },
  "Resources": {
    "LambdaFunction": {
      "Type": "AWS::Lambda::Function",
      "Metadata": {
        "aws:asset:path": "./src",
        "aws:asset:property": "Code"
      },
      "Properties": {
        "Code": {
          "S3Bucket": {
            "Ref": "deploymentBucketName"
          },
          "S3Key": {
            "Ref": "s3Key"
          }
        },
        "Handler": "index.handler",
        "FunctionName": {
          "Fn::If": [
            "ShouldNotCreateEnvResources",
            "getPets",
            {
              "Fn::Join": [
                "",
                [
                  "getPets",
                  "-",
                  {
                    "Ref": "env"
                  }
                ]
              ]
            }
          ]
        },
        "Environment": {
          "Variables": {
            "ENV": {
              "Ref": "env"
            },
            "REGION": {
              "Ref": "AWS::Region"
            },
            "AUTH_PAWHOME55E0437B_USERPOOLID": {
              "Ref": "authpawhome55e0437bUserPoolId"
            },
            "STORAGE_PETSTABLE_NAME": {
              "Ref": "storagepetstableName"
            },
            "STORAGE_PETSTABLE_ARN": {
              "Ref": "storagepetstableArn"
            },
            "STORAGE_PETSTABLE_STREAMARN": {
              "Ref": "storagepetstableStreamArn"
            }
          }
        },
        "Role": {
          "Fn::GetAtt": [
            "LambdaExecutionRole",
            "Arn"
          ]
        },
        "Runtime": "nodejs22.x",
        "Layers": [],
        "Timeout": 25
      }
    },
    "LambdaExecutionRole": {
      "Type": "AWS::IAM::Role",
      "Properties": {
        "RoleName": {
          "Fn::If": [
            "ShouldNotCreateEnvResources",
            "pawhomeLambdaRole55053022",
            {
              "Fn::Join": [
                "",
                [
                  "pawhomeLambdaRole55053022",
                  "-",
                  {
                    "Ref": "env"
                  }
                ]
              ]
            }
          ]
        },
        "AssumeRolePolicyDocument": {
          "Version": "2012-10-17",
          "Statement": [
            {
              "Effect": "Allow",
              "Principal": {
                "Service": [
                  "lambda.amazonaws.com"
                ]
              },
              "Action": [
                "sts:AssumeRole"
              ]
            }
          ]
        }
      }
    },
    "lambdaexecutionpolicy": {
      "DependsOn": [
        "LambdaExecutionRole"
      ],
      "Type": "AWS::IAM::Policy",
      "Properties": {
        "PolicyName": "lambda-execution-policy",
        "Roles": [
          {
            "Ref": "LambdaExecutionRole"
          }
        ],
        "PolicyDocument": {
          "Version": "2012-10-17",
          "Statement": [
            {
              "Effect": "Allow",
              "Action": [
                "logs:CreateLogGroup",
                "logs:CreateLogStream",
                "logs:PutLogEvents"
              ],
              "Resource": {
                "Fn::Sub": [
                  "arn:aws:logs:${region}:${account}:log-group:/aws/lambda/${lambda}:log-stream:*",
                  {
                    "region": {
                      "Ref": "AWS::Region"
                    },
                    "account": {
                      "Ref": "AWS::AccountId"
                    },
                    "lambda": {
                      "Ref": "LambdaFunction"
                    }
                  }
                ]
              }
            }
          ]
        }
      }
    },
    "AmplifyResourcesPolicy": {
      "DependsOn": [
        "LambdaExecutionRole"
      ],
      "Type": "AWS::IAM::Policy",
      "Properties": {
        "PolicyName": "amplify-lambda-execution-policy",
        "Roles": [
          {
            "Ref": "LambdaExecutionRole"
          }
        ],
        "PolicyDocument": {
          "Version": "2012-10-17",
          "Statement": [
            {
              "Effect": "Allow",
              "Action": [
                "cognito-identity:Describe*",
                "cognito-identity:Get*",
                "cognito-identity:List*",
                "cognito-idp:Describe*",
                "cognito-idp:AdminGetDevice",
                "cognito-idp:AdminGetUser",
                "cognito-idp:AdminList*",
                "cognito-idp:List*",
                "cognito-sync:Describe*",
                "cognito-sync:Get*",
                "cognito-sync:List*",
                "iam:ListOpenIdConnectProviders",
                "iam:ListRoles",
                "sns:ListPlatformApplications"
              ],
              "Resource": [
                {
                  "Fn::Join": [
                    "",
                    [
                      "arn:aws:cognito-idp:",
                      {
                        "Ref": "AWS::Region"
                      },
                      ":",
                      {
                        "Ref": "AWS::AccountId"
                      },
                      ":userpool/",
                      {
                        "Ref": "authpawhome55e0437bUserPoolId"
                      }
                    ]
                  ]
                }
              ]
            },
            {
              "Effect": "Allow",
              "Action": [
                "dynamodb:Get*",
                "dynamodb:BatchGetItem",
                "dynamodb:List*",
                "dynamodb:Describe*",
                "dynamodb:Scan",
                "dynamodb:Query",
                "dynamodb:PartiQLSelect"
              ],
              "Resource": [
                {
                  "Ref": "storagepetstableArn"
                },
                {
                  "Fn::Join": [
                    "/",
                    [
                      {
                        "Ref": "storagepetstableArn"
                      },
                      "index/*"
                    ]
                  ]
                }
              ]
            }
          ]
        }
      }
    }
  },
  "Outputs": {
    "Name": {
      "Value": {
        "Ref": "LambdaFunction"
      }
    },
    "Arn": {
      "Value": {
        "Fn::GetAtt": [
          "LambdaFunction",
          "Arn"
        ]
      }
    },
    "Region": {
      "Value": {
        "Ref": "AWS::Region"
      }
    },
    "LambdaExecutionRole": {
      "Value": {
        "Ref": "LambdaExecutionRole"
      }
    },
    "LambdaExecutionRoleArn": {
      "Value": {
        "Fn::GetAtt": [
          "LambdaExecutionRole",
          "Arn"
        ]
      }
    }
  }
}