{
  "AWSTemplateFormatVersion": "2010-09-09",
  "Description": "{\"createdOn\":\"Linux\",\"createdBy\":\"Amplify\",\"createdWith\":\"14.0.0\",\"stackType\":\"function-Lambda\",\"metadata\":{\"whyContinueWithGen1\":\"Prefer not to answer\"}}",
  "Parameters": {
    "CloudWatchRule": {
      "Type": "String",
      "Default": "NONE",
      "Description": " Schedule Expression"
    },
    "deploymentBucketName": {
      "Type": "String"
    },
    "env": {
      "Type": "String"
    },
    "s3Key": {
      "Type": "String"
    },
    "authpawhome55e0437bUserPoolId": {
      "Type": "String",
      "Default": "authpawhome55e0437bUserPoolId"
    },
    "storagepetstableName": {
      "Type": "String",
      "Default": "storagepetstableName"
    },
    "storagepetstableArn": {
      "Type": "String",
      "Default": "storagepetstableArn"
    },
    "storagepetstableStreamArn": {
      "Type": "String",
      "Default": "storagepetstableStreamArn"
    },
    "functiongetPetsName": {
      "Type": "String",
      "Default": "functiongetPetsName"
    }
  },
  "Conditions": {
    "ShouldNotCreateEnvResources": {
      "Fn::Equals": [
        {
          "Ref": "env"
        },
        "NONE"
      ]
    }
  },
  "Resources": {
    "LambdaFunction": {
      "Type": "AWS::Lambda::Function",
      "Metadata": {
        "aws:asset:path": "./src",
        "aws:asset:property": "Code"
      },
      "Properties": {
        "Code": {
          "S3Bucket": {
            "Ref": "deploymentBucketName"
          },
          "S3Key": {
            "Ref": "s3Key"
          }
        },
        "Handler": "index.handler",
        "FunctionName": {
          "Fn::If": [
            "ShouldNotCreateEnvResources",
            "postPet",
            {
              "Fn::Join": [
                "",
                [
                  "postPet",
                  "-",
                  {
                    "Ref": "env"
                  }
                ]
              ]
            }
          ]
        },
        "Environment": {
          "Variables": {
            "ENV": {
              "Ref": "env"
            },
            "REGION": {
              "Ref": "AWS::Region"
            },
            "AUTH_PAWHOME55E0437B_USERPOOLID": {
              "Ref": "authpawhome55e0437bUserPoolId"
            },
            "STORAGE_PETSTABLE_NAME": {
              "Ref": "storagepetstableName"
            },
            "STORAGE_PETSTABLE_ARN": {
              "Ref": "storagepetstableArn"
            },
            "STORAGE_PETSTABLE_STREAMARN": {
              "Ref": "storagepetstableStreamArn"
            },
            "FUNCTION_GETPETS_NAME": {
              "Ref": "functiongetPetsName"
            }
          }
        },
        "Role": {
          "Fn::GetAtt": [
            "LambdaExecutionRole",
            "Arn"
          ]
        },
        "Runtime": "nodejs22.x",
        "Layers": [],
        "Timeout": 25
      }
    },
    "LambdaExecutionRole": {
      "Type": "AWS::IAM::Role",
      "Properties": {
        "RoleName": {
          "Fn::If": [
            "ShouldNotCreateEnvResources",
            "pawhomeLambdaRole28836872",
            {
              "Fn::Join": [
                "",
                [
                  "pawhomeLambdaRole28836872",
                  "-",
                  {
                    "Ref": "env"
                  }
                ]
              ]
            }
          ]
        },
        "AssumeRolePolicyDocument": {
          "Version": "2012-10-17",
          "Statement": [
            {
              "Effect": "Allow",
              "Principal": {
                "Service": [
                  "lambda.amazonaws.com"
                ]
              },
              "Action": [
                "sts:AssumeRole"
              ]
            }
          ]
        }
      }
    },
    "lambdaexecutionpolicy": {
      "DependsOn": [
        "LambdaExecutionRole"
      ],
      "Type": "AWS::IAM::Policy",
      "Properties": {
        "PolicyName": "lambda-execution-policy",
        "Roles": [
          {
            "Ref": "LambdaExecutionRole"
          }
        ],
        "PolicyDocument": {
          "Version": "2012-10-17",
          "Statement": [
            {
              "Effect": "Allow",
              "Action": [
                "logs:CreateLogGroup",
                "logs:CreateLogStream",
                "logs:PutLogEvents"
              ],
              "Resource": {
                "Fn::Sub": [
                  "arn:aws:logs:${region}:${account}:log-group:/aws/lambda/${lambda}:log-stream:*",
                  {
                    "region": {
                      "Ref": "AWS::Region"
                    },
                    "account": {
                      "Ref": "AWS::AccountId"
                    },
                    "lambda": {
                      "Ref": "LambdaFunction"
                    }
                  }
                ]
              }
            }
          ]
        }
      }
    },
    "AmplifyResourcesPolicy": {
      "DependsOn": [
        "LambdaExecutionRole"
      ],
      "Type": "AWS::IAM::Policy",
      "Properties": {
        "PolicyName": "amplify-lambda-execution-policy",
        "Roles": [
          {
            "Ref": "LambdaExecutionRole"
          }
        ],
        "PolicyDocument": {
          "Version": "2012-10-17",
          "Statement": [
            {
              "Effect": "Allow",
              "Action": [
                "cognito-idp:ConfirmSignUp",
                "cognito-idp:AdminCreateUser",
                "cognito-idp:CreateUserImportJob",
                "cognito-idp:AdminSetUserSettings",
                "cognito-idp:AdminLinkProviderForUser",
                "cognito-idp:CreateIdentityProvider",
                "cognito-idp:AdminConfirmSignUp",
                "cognito-idp:AdminDisableUser",
                "cognito-idp:AdminRemoveUserFromGroup",
                "cognito-idp:SetUserMFAPreference",
                "cognito-idp:SetUICustomization",
                "cognito-idp:SignUp",
                "cognito-idp:VerifyUserAttribute",
                "cognito-idp:SetRiskConfiguration",
                "cognito-idp:StartUserImportJob",
                "cognito-idp:AdminSetUserPassword",
                "cognito-idp:AssociateSoftwareToken",
                "cognito-idp:CreateResourceServer",
                "cognito-idp:RespondToAuthChallenge",
                "cognito-idp:CreateUserPoolClient",
                "cognito-idp:AdminUserGlobalSignOut",
                "cognito-idp:GlobalSignOut",
                "cognito-idp:AddCustomAttributes",
                "cognito-idp:CreateGroup",
                "cognito-idp:CreateUserPool",
                "cognito-idp:AdminForgetDevice",
                "cognito-idp:AdminAddUserToGroup",
                "cognito-idp:AdminRespondToAuthChallenge",
                "cognito-idp:ForgetDevice",
                "cognito-idp:CreateUserPoolDomain",
                "cognito-idp:AdminEnableUser",
                "cognito-idp:AdminUpdateDeviceStatus",
                "cognito-idp:StopUserImportJob",
                "cognito-idp:InitiateAuth",
                "cognito-idp:AdminInitiateAuth",
                "cognito-idp:AdminSetUserMFAPreference",
                "cognito-idp:ConfirmForgotPassword",
                "cognito-idp:SetUserSettings",
                "cognito-idp:VerifySoftwareToken",
                "cognito-idp:AdminDisableProviderForUser",
                "cognito-idp:SetUserPoolMfaConfig",
                "cognito-idp:ChangePassword",
                "cognito-idp:ConfirmDevice",
                "cognito-idp:AdminResetUserPassword",
                "cognito-idp:ResendConfirmationCode"
              ],
              "Resource": [
                {
                  "Fn::Join": [
                    "",
                    [
                      "arn:aws:cognito-idp:",
                      {
                        "Ref": "AWS::Region"
                      },
                      ":",
                      {
                        "Ref": "AWS::AccountId"
                      },
                      ":userpool/",
                      {
                        "Ref": "authpawhome55e0437bUserPoolId"
                      }
                    ]
                  ]
                }
              ]
            },
            {
              "Effect": "Allow",
              "Action": [
                "dynamodb:Put*",
                "dynamodb:Create*",
                "dynamodb:BatchWriteItem",
                "dynamodb:PartiQLInsert"
              ],
              "Resource": [
                {
                  "Ref": "storagepetstableArn"
                },
                {
                  "Fn::Join": [
                    "/",
                    [
                      {
                        "Ref": "storagepetstableArn"
                      },
                      "index/*"
                    ]
                  ]
                }
              ]
            },
            {
              "Effect": "Allow",
              "Action": [
                "lambda:Create*",
                "lambda:Put*",
                "lambda:Add*"
              ],
              "Resource": [
                {
                  "Fn::Join": [
                    "",
                    [
                      "arn:aws:lambda:",
                      {
                        "Ref": "AWS::Region"
                      },
                      ":",
                      {
                        "Ref": "AWS::AccountId"
                      },
                      ":function:",
                      {
                        "Ref": "functiongetPetsName"
                      }
                    ]
                  ]
                }
              ]
            }
          ]
        }
      }
    }
  },
  "Outputs": {
    "Name": {
      "Value": {
        "Ref": "LambdaFunction"
      }
    },
    "Arn": {
      "Value": {
        "Fn::GetAtt": [
          "LambdaFunction",
          "Arn"
        ]
      }
    },
    "Region": {
      "Value": {
        "Ref": "AWS::Region"
      }
    },
    "LambdaExecutionRole": {
      "Value": {
        "Ref": "LambdaExecutionRole"
      }
    },
    "LambdaExecutionRoleArn": {
      "Value": {
        "Fn::GetAtt": [
          "LambdaExecutionRole",
          "Arn"
        ]
      }
    }
  }
}