{
  "providers": {
    "awscloudformation": {
      "AuthRoleName": "amplify-pawhome-dev-2f90f-authRole",
      "UnauthRoleArn": "arn:aws:iam::683765097008:role/amplify-pawhome-dev-2f90f-unauthRole",
      "AuthRoleArn": "arn:aws:iam::683765097008:role/amplify-pawhome-dev-2f90f-authRole",
      "Region": "us-east-1",
      "DeploymentBucketName": "amplify-pawhome-dev-2f90f-deployment",
      "UnauthRoleName": "amplify-pawhome-dev-2f90f-unauthRole",
      "StackName": "amplify-pawhome-dev-2f90f",
      "StackId": "arn:aws:cloudformation:us-east-1:683765097008:stack/amplify-pawhome-dev-2f90f/77a064d0-8491-11f0-b06c-12404b95f95d",
      "AmplifyAppId": "d1n2a9g37sn3ym",
      "APIGatewayAuthURL": "https://s3.amazonaws.com/amplify-pawhome-dev-2f90f-deployment/amplify-cfn-templates/api/APIGatewayAuthStack.json"
    }
  },
  "api": {
    "apiPawhome": {
      "dependsOn": [
        {
          "attributes": [
            "Name",
            "Arn"
          ],
          "category": "function",
          "resourceName": "getPets"
        },
        {
          "attributes": [
            "Name",
            "Arn"
          ],
          "category": "function",
          "resourceName": "postPet"
        }
      ],
      "providerPlugin": "awscloudformation",
      "service": "API Gateway",
      "providerMetadata": {
        "s3TemplateURL": "https://s3.amazonaws.com/amplify-pawhome-dev-2f90f-deployment/amplify-cfn-templates/api/apiPawhome-cloudformation-template.json",
        "logicalId": "apiapiPawhome"
      },
      "lastPushTimeStamp": "2025-09-08T19:12:19.894Z",
      "output": {
        "ApiName": "apiPawhome",
        "RootUrl": "https://gedsqfm9v0.execute-api.us-east-1.amazonaws.com/dev",
        "ApiId": "gedsqfm9v0"
      },
      "lastPushDirHash": "Niz8f9LEEJEiyhD3m8u8ZfLPkS8="
    }
  },
  "auth": {
    "pawhome55e0437b": {
      "customAuth": false,
      "dependsOn": [],
      "frontendAuthConfig": {
        "mfaConfiguration": "OFF",
        "mfaTypes": [
          "SMS"
        ],
        "passwordProtectionSettings": {
          "passwordPolicyCharacters": [],
          "passwordPolicyMinLength": 8
        },
        "signupAttributes": [
          "EMAIL"
        ],
        "socialProviders": [],
        "usernameAttributes": [
          "EMAIL"
        ],
        "verificationMechanisms": [
          "EMAIL"
        ]
      },
      "providerPlugin": "awscloudformation",
      "service": "Cognito",
      "output": {
        "UserPoolId": "us-east-1_RN3ffoaum",
        "AppClientIDWeb": "4uqijqvrsmikhg44n7d5nuqp99",
        "AppClientID": "5fo2aotj1b7nr1ejehd37r2lp8",
        "IdentityPoolId": "us-east-1:9ee4d106-9d37-4c3d-92dd-b2f31affc5c9",
        "UserPoolArn": "arn:aws:cognito-idp:us-east-1:683765097008:userpool/us-east-1_RN3ffoaum",
        "IdentityPoolName": "pawhome55e0437b_identitypool_55e0437b__dev",
        "UserPoolName": "pawhome55e0437b_userpool_55e0437b"
      },
      "lastPushTimeStamp": "2025-09-08T19:12:19.894Z",
      "providerMetadata": {
        "s3TemplateURL": "https://s3.amazonaws.com/amplify-pawhome-dev-2f90f-deployment/amplify-cfn-templates/auth/pawhome55e0437b-cloudformation-template.json",
        "logicalId": "authpawhome55e0437b"
      },
      "lastPushDirHash": "XbUEhoCPZWn20h3LZk1Do7ULGRo="
    }
  },
  "function": {
    "getPets": {
      "build": true,
      "dependsOn": [
        {
          "attributes": [
            "UserPoolId"
          ],
          "category": "auth",
          "resourceName": "pawhome55e0437b"
        },
        {
          "attributes": [
            "Name",
            "Arn",
            "StreamArn"
          ],
          "category": "storage",
          "resourceName": "petstable"
        }
      ],
      "providerPlugin": "awscloudformation",
      "service": "Lambda",
      "lastBuildTimeStamp": "2025-09-08T19:08:47.358Z",
      "lastBuildType": "PROD",
      "lastPackageTimeStamp": "2025-09-08T19:08:47.376Z",
      "distZipFilename": "getPets-4439576e454f4e6f7056-build.zip",
      "s3Bucket": {
        "deploymentBucketName": "amplify-pawhome-dev-2f90f-deployment",
        "s3Key": "amplify-builds/getPets-4439576e454f4e6f7056-build.zip"
      },
      "providerMetadata": {
        "s3TemplateURL": "https://s3.amazonaws.com/amplify-pawhome-dev-2f90f-deployment/amplify-cfn-templates/function/getPets-cloudformation-template.json",
        "logicalId": "functiongetPets"
      },
      "lastPushTimeStamp": "2025-09-08T19:12:19.894Z",
      "output": {
        "LambdaExecutionRoleArn": "arn:aws:iam::683765097008:role/pawhomeLambdaRole55053022-dev",
        "Region": "us-east-1",
        "Arn": "arn:aws:lambda:us-east-1:683765097008:function:getPets-dev",
        "Name": "getPets-dev",
        "LambdaExecutionRole": "pawhomeLambdaRole55053022-dev"
      },
      "lastPushDirHash": "qHqzb8xretxW5TOFGYd/csMhtmk="
    },
    "postPet": {
      "build": true,
      "dependsOn": [
        {
          "attributes": [
            "UserPoolId"
          ],
          "category": "auth",
          "resourceName": "pawhome55e0437b"
        },
        {
          "attributes": [
            "Name",
            "Arn",
            "StreamArn"
          ],
          "category": "storage",
          "resourceName": "petstable"
        },
        {
          "attributes": [
            "Name"
          ],
          "category": "function",
          "resourceName": "getPets"
        }
      ],
      "providerPlugin": "awscloudformation",
      "service": "Lambda",
      "lastBuildTimeStamp": "2025-09-08T19:08:47.874Z",
      "lastBuildType": "PROD",
      "lastPackageTimeStamp": "2025-09-08T19:08:47.888Z",
      "distZipFilename": "postPet-696a6251393255576735-build.zip",
      "s3Bucket": {
        "deploymentBucketName": "amplify-pawhome-dev-2f90f-deployment",
        "s3Key": "amplify-builds/postPet-696a6251393255576735-build.zip"
      },
      "providerMetadata": {
        "s3TemplateURL": "https://s3.amazonaws.com/amplify-pawhome-dev-2f90f-deployment/amplify-cfn-templates/function/postPet-cloudformation-template.json",
        "logicalId": "functionpostPet"
      },
      "lastPushTimeStamp": "2025-09-08T19:12:19.894Z",
      "output": {
        "LambdaExecutionRoleArn": "arn:aws:iam::683765097008:role/pawhomeLambdaRole28836872-dev",
        "Region": "us-east-1",
        "Arn": "arn:aws:lambda:us-east-1:683765097008:function:postPet-dev",
        "Name": "postPet-dev",
        "LambdaExecutionRole": "pawhomeLambdaRole28836872-dev"
      },
      "lastPushDirHash": "vFR0g/xWKMO8QwVWD/TK6PcpKQo="
    }
  },
  "storage": {
    "petImages": {
      "dependsOn": [],
      "providerPlugin": "awscloudformation",
      "service": "S3",
      "lastPushTimeStamp": "2025-09-08T19:12:19.894Z",
      "providerMetadata": {
        "s3TemplateURL": "https://s3.amazonaws.com/amplify-pawhome-dev-2f90f-deployment/amplify-cfn-templates/storage/cloudformation-template.json",
        "logicalId": "storagepetImages"
      },
      "output": {
        "BucketName": "pawhomef46bd308addd4262beb12c14f2faecaf2f90f-dev",
        "Region": "us-east-1"
      },
      "lastPushDirHash": "5yLq6qIYSHxO0ZAaKzioc7MoK90="
    },
    "petstable": {
      "providerPlugin": "awscloudformation",
      "service": "DynamoDB",
      "providerMetadata": {
        "s3TemplateURL": "https://s3.amazonaws.com/amplify-pawhome-dev-2f90f-deployment/amplify-cfn-templates/storage/petstable-cloudformation-template.json",
        "logicalId": "storagepetstable"
      },
      "lastPushTimeStamp": "2025-09-08T19:12:19.894Z",
      "output": {
        "PartitionKeyName": "id",
        "Region": "us-east-1",
        "Arn": "arn:aws:dynamodb:us-east-1:683765097008:table/Pets-dev",
        "StreamArn": "arn:aws:dynamodb:us-east-1:683765097008:table/Pets-dev/stream/2025-09-08T19:08:56.454",
        "PartitionKeyType": "S",
        "Name": "Pets-dev"
      },
      "lastPushDirHash": "Nd+I0myh1s4tdqloYcYmQC818Ks="
    }
  }
}