{
  "api": {
    "apiPawhome": {
      "dependsOn": [
        {
          "attributes": [
            "Name",
            "Arn"
          ],
          "category": "function",
          "resourceName": "getPets"
        },
        {
          "attributes": [
            "Name",
            "Arn"
          ],
          "category": "function",
          "resourceName": "postPet"
        }
      ],
      "providerPlugin": "awscloudformation",
      "service": "API Gateway"
    }
  },
  "auth": {
    "pawhome55e0437b": {
      "customAuth": false,
      "dependsOn": [],
      "frontendAuthConfig": {
        "mfaConfiguration": "OFF",
        "mfaTypes": [
          "SMS"
        ],
        "passwordProtectionSettings": {
          "passwordPolicyCharacters": [],
          "passwordPolicyMinLength": 8
        },
        "signupAttributes": [
          "EMAIL"
        ],
        "socialProviders": [],
        "usernameAttributes": [
          "EMAIL"
        ],
        "verificationMechanisms": [
          "EMAIL"
        ]
      },
      "providerPlugin": "awscloudformation",
      "service": "Cognito"
    }
  },
  "function": {
    "getPets": {
      "build": true,
      "dependsOn": [
        {
          "attributes": [
            "UserPoolId"
          ],
          "category": "auth",
          "resourceName": "pawhome55e0437b"
        },
        {
          "attributes": [
            "Name",
            "Arn",
            "StreamArn"
          ],
          "category": "storage",
          "resourceName": "petstable"
        }
      ],
      "providerPlugin": "awscloudformation",
      "service": "Lambda"
    },
    "postPet": {
      "build": true,
      "dependsOn": [
        {
          "attributes": [
            "UserPoolId"
          ],
          "category": "auth",
          "resourceName": "pawhome55e0437b"
        },
        {
          "attributes": [
            "Name",
            "Arn",
            "StreamArn"
          ],
          "category": "storage",
          "resourceName": "petstable"
        },
        {
          "attributes": [
            "Name"
          ],
          "category": "function",
          "resourceName": "getPets"
        }
      ],
      "providerPlugin": "awscloudformation",
      "service": "Lambda"
    }
  },
  "parameters": {
    "AMPLIFY_function_getPets_deploymentBucketName": {
      "usedBy": [
        {
          "category": "function",
          "resourceName": "getPets"
        }
      ]
    },
    "AMPLIFY_function_getPets_s3Key": {
      "usedBy": [
        {
          "category": "function",
          "resourceName": "getPets"
        }
      ]
    },
    "AMPLIFY_function_postPet_deploymentBucketName": {
      "usedBy": [
        {
          "category": "function",
          "resourceName": "postPet"
        }
      ]
    },
    "AMPLIFY_function_postPet_s3Key": {
      "usedBy": [
        {
          "category": "function",
          "resourceName": "postPet"
        }
      ]
    }
  },
  "storage": {
    "petImages": {
      "dependsOn": [],
      "providerPlugin": "awscloudformation",
      "service": "S3"
    },
    "petstable": {
      "providerPlugin": "awscloudformation",
      "service": "DynamoDB"
    }
  }
}